[
  {
    "id": "74e306c7-d690-4f31-ba5e-622134fddbaa",
    "data": [
      {
        "text": "what is the catalogue of ",
        "userDefined": false
      },
      {
        "text": "imaginbank",
        "alias": "enterprise",
        "meta": "@enterprise",
        "userDefined": false
      }
    ],
    "isTemplate": false,
    "count": 0,
    "updated": 1507989366
  },
  {
    "id": "a843f95f-bcd3-4c88-98fe-6843398d7c85",
    "data": [
      {
        "text": "what products are in ",
        "userDefined": false
      },
      {
        "text": "Zara",
        "alias": "enterprise",
        "meta": "@enterprise",
        "userDefined": false
      }
    ],
    "isTemplate": false,
    "count": 0,
    "updated": 1507989366
  },
  {
    "id": "0c9bdd51-9e9e-49cf-82dc-c1af5a64d16f",
    "data": [
      {
        "text": "what products have ",
        "userDefined": false
      },
      {
        "text": "Zara",
        "alias": "enterprise",
        "meta": "@enterprise",
        "userDefined": false
      }
    ],
    "isTemplate": false,
    "count": 0,
    "updated": 1507989366
  },
  {
    "id": "b2dd5502-7fff-4008-a585-99ea2aa93e51",
    "data": [
      {
        "text": "tell me products from ",
        "userDefined": false
      },
      {
        "text": "imaginbank",
        "alias": "enterprise",
        "meta": "@enterprise",
        "userDefined": false
      }
    ],
    "isTemplate": false,
    "count": 0,
    "updated": 1507989366
  },
  {
    "id": "a33d0d82-582c-4d01-a775-05429e91d6f0",
    "data": [
      {
        "text": "catalogue from ",
        "userDefined": false
      },
      {
        "text": "company",
        "alias": "enterprise",
        "meta": "@enterprise",
        "userDefined": false
      }
    ],
    "isTemplate": false,
    "count": 0,
    "updated": 1507989366
  },
  {
    "id": "406fd181-beae-4ff7-afb3-7fdfb064a1cd",
    "data": [
      {
        "text": "products from ",
        "userDefined": false
      },
      {
        "text": "Zara",
        "alias": "enterprise",
        "meta": "@enterprise",
        "userDefined": false
      }
    ],
    "isTemplate": false,
    "count": 0,
    "updated": 1507989366
  }
]