[
  {
    "id": "059b2490-9677-4b97-b84e-aeb4dd03e846",
    "data": [
      {
        "text": "show promotions of type ",
        "userDefined": false
      },
      {
        "text": "cinema",
        "alias": "type",
        "meta": "@type",
        "userDefined": true
      },
      {
        "text": " in ",
        "userDefined": false
      },
      {
        "text": "Barcelona",
        "alias": "geo-city",
        "meta": "@sys.geo-city",
        "userDefined": true
      }
    ],
    "isTemplate": false,
    "count": 1,
    "updated": 1508036416
  },
  {
    "id": "23c2a9de-2584-4d91-8b64-5642c02ee9c1",
    "data": [
      {
        "text": "Show me  promotion of ",
        "userDefined": false
      },
      {
        "text": "restaurants",
        "alias": "type",
        "meta": "@type",
        "userDefined": false
      },
      {
        "text": " in ",
        "userDefined": false
      },
      {
        "text": "Barcelona",
        "alias": "geo-city",
        "meta": "@sys.geo-city",
        "userDefined": false
      }
    ],
    "isTemplate": false,
    "count": 1,
    "updated": 1508033151
  },
  {
    "id": "c7cb97f7-0f17-45db-b509-d7ca23b30807",
    "data": [
      {
        "text": "promotions ",
        "userDefined": false
      },
      {
        "text": "cinema",
        "alias": "type",
        "meta": "@type",
        "userDefined": false
      },
      {
        "text": " ",
        "userDefined": false
      },
      {
        "text": "Barcelona",
        "alias": "geo-city",
        "meta": "@sys.geo-city",
        "userDefined": false
      }
    ],
    "isTemplate": false,
    "count": 2,
    "updated": 1508031831
  },
  {
    "id": "48a2480d-b58c-4f3d-b61c-8e138d2bbdc7",
    "data": [
      {
        "text": "Show promotions in ",
        "userDefined": false
      },
      {
        "text": "Barcelona",
        "alias": "geo-city",
        "meta": "@sys.geo-city",
        "userDefined": false
      },
      {
        "text": " about ",
        "userDefined": false
      },
      {
        "text": "cinema",
        "alias": "type",
        "meta": "@type",
        "userDefined": false
      }
    ],
    "isTemplate": false,
    "count": 0,
    "updated": 1508031831
  },
  {
    "id": "5bcd66f8-3b4c-4047-9495-f8c471d40af2",
    "data": [
      {
        "text": "Barcelona",
        "alias": "geo-city",
        "meta": "@sys.geo-city",
        "userDefined": false
      },
      {
        "text": " promotions ",
        "userDefined": false
      },
      {
        "text": "restaurants",
        "alias": "type",
        "meta": "@type",
        "userDefined": false
      }
    ],
    "isTemplate": false,
    "count": 0,
    "updated": 1508029176
  },
  {
    "id": "e1d0944d-045c-4ac1-bec3-4fab5cf1dc2f",
    "data": [
      {
        "text": "Display promotions of ",
        "userDefined": false
      },
      {
        "text": "theatre",
        "alias": "type",
        "meta": "@type",
        "userDefined": false
      },
      {
        "text": " in ",
        "userDefined": false
      },
      {
        "text": "Barcelona",
        "alias": "geo-city",
        "meta": "@sys.geo-city",
        "userDefined": false
      }
    ],
    "isTemplate": false,
    "count": 0,
    "updated": 1508029176
  },
  {
    "id": "cd439719-4c73-45e3-b956-64dd34c93b7f",
    "data": [
      {
        "text": "Show promotions of ",
        "userDefined": false
      },
      {
        "text": "cinema",
        "alias": "type",
        "meta": "@type",
        "userDefined": false
      },
      {
        "text": " in ",
        "userDefined": false
      },
      {
        "text": "Barcelona",
        "alias": "geo-city",
        "meta": "@sys.geo-city",
        "userDefined": false
      }
    ],
    "isTemplate": false,
    "count": 0,
    "updated": 1508029176
  }
]