[
  {
    "id": "f04ade1a-dac0-4b5b-a56b-c8ba0370846c",
    "data": [
      {
        "text": "okey, thank you",
        "userDefined": false
      }
    ],
    "isTemplate": false,
    "count": 0,
    "updated": 0
  },
  {
    "id": "0d3fd649-4e45-40d4-b6b1-9d62c6c0bc94",
    "data": [
      {
        "text": "finish",
        "userDefined": false
      }
    ],
    "isTemplate": false,
    "count": 0,
    "updated": 0
  },
  {
    "id": "bd9dd823-0031-4cda-97b2-ced5d7e0b00d",
    "data": [
      {
        "text": "bye",
        "userDefined": false
      }
    ],
    "isTemplate": false,
    "count": 0,
    "updated": 0
  }
]