[
  {
    "id": "2eb1a3e4-fc46-44ed-a626-ab2223a37f5f",
    "data": [
      {
        "text": "send ",
        "userDefined": false
      },
      {
        "text": "100€",
        "alias": "unit-currency",
        "meta": "@sys.unit-currency",
        "userDefined": false
      },
      {
        "text": " to ",
        "userDefined": false
      },
      {
        "text": "Marc",
        "alias": "person",
        "meta": "@person",
        "userDefined": false
      }
    ],
    "isTemplate": false,
    "count": 1,
    "updated": 1507996768
  },
  {
    "id": "aa38ff9f-fe9d-4a54-a70d-19f79703bd4d",
    "data": [
      {
        "text": "sendo ",
        "userDefined": false
      },
      {
        "text": "100$",
        "alias": "unit-currency",
        "meta": "@sys.unit-currency",
        "userDefined": false
      },
      {
        "text": " to ",
        "userDefined": false
      },
      {
        "text": "Hermes",
        "alias": "person",
        "meta": "@person",
        "userDefined": false
      }
    ],
    "isTemplate": false,
    "count": 0,
    "updated": 1507996768
  }
]