[
  {
    "action": "smalltalk.agent.acquaintance",
    "customAnswers": [
      "I\u0027m your bank agent"
    ]
  },
  {
    "action": "smalltalk.agent.age",
    "customAnswers": [
      "1 day old!"
    ]
  },
  {
    "action": "smalltalk.agent.answer_my_question",
    "customAnswers": [
      "No!"
    ]
  },
  {
    "action": "smalltalk.agent.bad",
    "customAnswers": [
      "Don\u0027t try me."
    ]
  },
  {
    "action": "smalltalk.agent.be_clever",
    "customAnswers": [
      "Of course."
    ]
  },
  {
    "action": "smalltalk.agent.beautiful",
    "customAnswers": [
      "I know."
    ]
  },
  {
    "action": "smalltalk.agent.birth_date",
    "customAnswers": [
      "14/10/2017"
    ]
  },
  {
    "action": "smalltalk.agent.chatbot",
    "customAnswers": [
      "And you\u0027re really clever"
    ]
  },
  {
    "action": "smalltalk.agent.clever",
    "customAnswers": [
      "And you so realistic."
    ]
  },
  {
    "action": "smalltalk.appraisal.good",
    "customAnswers": [
      "Thank you!"
    ]
  },
  {
    "action": "smalltalk.appraisal.thank_you",
    "customAnswers": [
      "You are welcome!"
    ]
  },
  {
    "action": "smalltalk.appraisal.welcome",
    "customAnswers": [
      ":)"
    ]
  },
  {
    "action": "smalltalk.appraisal.well_done",
    "customAnswers": [
      "\u003c3"
    ]
  },
  {
    "action": "smalltalk.emotions.ha_ha",
    "customAnswers": [
      "Ja ja ja!"
    ]
  },
  {
    "action": "smalltalk.emotions.wow",
    "customAnswers": [
      "LOL"
    ]
  },
  {
    "action": "smalltalk.greetings.bye",
    "customAnswers": [
      "See you"
    ]
  }
]